contrast,GO,go_term_name,namespace,n_study,n_bg,study_size,bg_size,expected,fold_enrichment,pvalue,padj,study_genes
control_vs_black_light,GO:0055114,obsolete oxidation-reduction process,BP,129,951,364,6052,57.2,2.26,8.97383690113461e-22,3.948488236499228e-20,"FGSG_00007,FGSG_00065,FGSG_00071,FGSG_00138,FGSG_00145,FGSG_00150,FGSG_00237,FGSG_00576,FGSG_00578,FGSG_00979,FGSG_01255,FGSG_01284,FGSG_01342,FGSG_01686,FGSG_01805,FGSG_01826,FGSG_01868,FGSG_02034,FGSG_02114,FGSG_02203,FGSG_02267,FGSG_02327,FGSG_02328,FGSG_02347,FGSG_02392,FGSG_02432,FGSG_02522,FGSG_02550,FGSG_02551,FGSG_02668,FGSG_02672,FGSG_02882,FGSG_02908,FGSG_03026,FGSG_03065,FGSG_03067,FGSG_03073,FGSG_03075,FGSG_03199,FGSG_03262,FGSG_03307,FGSG_03430,FGSG_03443,FGSG_03498,FGSG_03579,FGSG_03638,FGSG_03655,FGSG_03667,FGSG_03700,FGSG_03741,FGSG_03775,FGSG_03824,FGSG_03831,FGSG_03851,FGSG_03880,FGSG_03898,FGSG_03915,FGSG_04064,FGSG_04092,FGSG_04117,FGSG_04126,FGSG_04214,FGSG_04248,FGSG_04510,FGSG_04663,FGSG_04793,FGSG_04969,FGSG_05159,FGSG_05678,FGSG_05695,FGSG_06001,FGSG_06068,FGSG_06215,FGSG_06554,FGSG_06619,FGSG_07530,FGSG_07556,FGSG_07683,FGSG_07685,FGSG_07758,FGSG_08062,FGSG_08077,FGSG_08079,FGSG_08125,FGSG_08207,FGSG_08358,FGSG_08425,FGSG_08510,FGSG_08579,FGSG_09040,FGSG_09059,FGSG_09063,FGSG_09145,FGSG_09240,FGSG_09477,FGSG_09522,FGSG_09627,FGSG_09820,FGSG_10417,FGSG_10444,FGSG_10571,FGSG_10666,FGSG_10673,FGSG_10677,FGSG_10680,FGSG_10950,FGSG_10960,FGSG_10998,FGSG_11032,FGSG_11211,FGSG_11232,FGSG_11270,FGSG_11399,FGSG_11420,FGSG_11517,FGSG_11554,FGSG_12082,FGSG_12206,FGSG_12369,FGSG_12519,FGSG_12647,FGSG_13347,FGSG_13433,FGSG_13456,FGSG_13459,FGSG_13561,FGSG_13737,FGSG_13840,FGSG_13963"
control_vs_black_light,GO:0008152,metabolic process,BP,32,207,364,6052,12.45,2.57,5.499702623931059e-07,1.2099345772648327e-05,"FGSG_01379,FGSG_01680,FGSG_01746,FGSG_01766,FGSG_01823,FGSG_02063,FGSG_02121,FGSG_02315,FGSG_02342,FGSG_03080,FGSG_03244,FGSG_03245,FGSG_03304,FGSG_03356,FGSG_03372,FGSG_03457,FGSG_03645,FGSG_03736,FGSG_03747,FGSG_03922,FGSG_04077,FGSG_04346,FGSG_04657,FGSG_04930,FGSG_05048,FGSG_06381,FGSG_06613,FGSG_08622,FGSG_09138,FGSG_11884,FGSG_12632,FGSG_13860"
control_vs_black_light,GO:0055085,transmembrane transport,BP,48,436,364,6052,26.22,1.83,2.2491043883490312e-05,0.0003298686436245,"FGSG_00015,FGSG_00351,FGSG_00572,FGSG_02064,FGSG_02281,FGSG_02316,FGSG_02358,FGSG_02823,FGSG_02824,FGSG_03033,FGSG_03161,FGSG_03306,FGSG_03369,FGSG_03643,FGSG_03735,FGSG_03830,FGSG_03882,FGSG_03987,FGSG_04188,FGSG_04431,FGSG_04658,FGSG_04676,FGSG_05042,FGSG_05238,FGSG_05839,FGSG_05882,FGSG_06336,FGSG_06468,FGSG_07567,FGSG_07582,FGSG_07587,FGSG_07631,FGSG_07881,FGSG_07917,FGSG_08014,FGSG_08084,FGSG_08799,FGSG_09060,FGSG_09210,FGSG_09595,FGSG_10570,FGSG_10706,FGSG_11339,FGSG_11480,FGSG_12505,FGSG_12704,FGSG_13493,FGSG_13993"
control_vs_black_light,GO:0009072,aromatic amino acid metabolic process,BP,4,5,364,6052,0.3,13.3,6.135351585266769e-05,0.0006748886743793,"FGSG_01285,FGSG_02851,FGSG_02852,FGSG_06001"
control_vs_black_light,GO:0006979,response to oxidative stress,BP,6,17,364,6052,1.02,5.87,0.0003186670043392,0.0028042696381851,"FGSG_02550,FGSG_02551,FGSG_02668,FGSG_06554,FGSG_10960,FGSG_12369"
control_vs_black_light,GO:0006508,proteolysis,BP,22,180,364,6052,10.83,2.03,0.0010736539564083,0.0078734623469942,"FGSG_00806,FGSG_01825,FGSG_02019,FGSG_02314,FGSG_03072,FGSG_03443,FGSG_03975,FGSG_04375,FGSG_04970,FGSG_05582,FGSG_06511,FGSG_07775,FGSG_08101,FGSG_08102,FGSG_08196,FGSG_11073,FGSG_11224,FGSG_11249,FGSG_11472,FGSG_12142,FGSG_12609,FGSG_13441"
control_vs_black_light,GO:0098869,cellular oxidant detoxification,BP,8,37,364,6052,2.23,3.59,0.0013099923676504,0.0082342377395173,"FGSG_02550,FGSG_02551,FGSG_02668,FGSG_02882,FGSG_05695,FGSG_06554,FGSG_10960,FGSG_12369"
control_vs_black_light,GO:0043335,protein unfolding,BP,2,2,364,6052,0.12,16.63,0.0036081280038378,0.0176397369076516,"FGSG_01015,FGSG_12745"
control_vs_black_light,GO:0006570,obsolete tyrosine metabolic process,BP,2,2,364,6052,0.12,16.63,0.0036081280038378,0.0176397369076516,"FGSG_02347,FGSG_08358"
control_vs_black_light,GO:0042744,hydrogen peroxide catabolic process,BP,3,7,364,6052,0.42,7.13,0.006296835396871,0.0268175623528509,"FGSG_05695,FGSG_06554,FGSG_12369"
control_vs_black_light,GO:0009058,biosynthetic process,BP,7,38,364,6052,2.29,3.06,0.0067043905882127,0.0268175623528509,"FGSG_01285,FGSG_02324,FGSG_02325,FGSG_03066,FGSG_11456,FGSG_12518,FGSG_12519"
control_vs_black_light,GO:0006032,chitin catabolic process,BP,4,14,364,6052,0.84,4.75,0.0079535964612531,0.0291631870245949,"FGSG_03591,FGSG_10443,FGSG_11903,FGSG_11904"
control_vs_black_light,GO:0006559,L-phenylalanine catabolic process,BP,2,3,364,6052,0.18,11.08,0.010392601420641,0.0351749586544772,"FGSG_02347,FGSG_08358"
control_vs_black_light,GO:0000272,polysaccharide catabolic process,BP,3,12,364,6052,0.72,4.16,0.0316171164325123,0.0937307067511368,"FGSG_02314,FGSG_03591,FGSG_12530"
control_vs_black_light,GO:0006561,obsolete proline biosynthetic process,BP,2,5,364,6052,0.3,6.65,0.0319536500287966,0.0937307067511368,"FGSG_03073,FGSG_03075"
control_vs_black_light,GO:0008643,carbohydrate transport,BP,5,33,364,6052,1.98,2.52,0.0452778419344098,0.1162617868935205,"FGSG_00015,FGSG_00572,FGSG_07582,FGSG_07587,FGSG_07631"
control_vs_black_light,GO:0006520,amino acid metabolic process,BP,3,14,364,6052,0.84,3.56,0.0478672638926953,0.1162617868935205,"FGSG_03147,FGSG_03391,FGSG_12518"
control_vs_black_light,GO:0046854,phosphatidylinositol phosphate biosynthetic process,BP,3,14,364,6052,0.84,3.56,0.0478672638926953,0.1162617868935205,"FGSG_04998,FGSG_05044,FGSG_05701"
control_vs_black_light,GO:0032259,methylation,BP,14,144,364,6052,8.66,1.62,0.0502039534312929,0.1162617868935205,"FGSG_00735,FGSG_01744,FGSG_02326,FGSG_02615,FGSG_02843,FGSG_03189,FGSG_03821,FGSG_04092,FGSG_04160,FGSG_05740,FGSG_08624,FGSG_11864,FGSG_13459,FGSG_13976"
control_vs_black_light,GO:0019752,carboxylic acid metabolic process,BP,2,7,364,6052,0.42,4.75,0.0619482986301105,0.1362862569862431,"FGSG_08083,FGSG_10444"
control_vs_black_light,GO:0006950,response to stress,BP,4,27,364,6052,1.62,2.46,0.0756128429401008,0.1584269090173542,"FGSG_05333,FGSG_06441,FGSG_09210,FGSG_10022"
control_vs_black_light,GO:0050821,protein stabilization,BP,2,9,364,6052,0.54,3.69,0.0981251359417728,0.1912172779535574,"FGSG_01015,FGSG_04998"
control_vs_black_light,GO:0005975,carbohydrate metabolic process,BP,14,160,364,6052,9.62,1.45,0.0999544862029959,0.1912172779535574,"FGSG_00068,FGSG_00807,FGSG_02001,FGSG_03842,FGSG_04768,FGSG_05292,FGSG_06553,FGSG_09289,FGSG_09366,FGSG_10444,FGSG_11560,FGSG_11903,FGSG_11904,FGSG_12461"
control_vs_black_light,GO:0009395,phospholipid catabolic process,BP,2,10,364,6052,0.6,3.33,0.1179417806017393,0.2162265977698555,"FGSG_02823,FGSG_02824"
control_vs_black_light,GO:0071805,potassium ion transmembrane transport,BP,2,12,364,6052,0.72,2.77,0.1600458487480883,0.2816806937966354,"FGSG_01606,FGSG_09477"
control_vs_black_light,GO:0030001,metal ion transport,BP,3,25,364,6052,1.5,2.0,0.1877375006069616,0.3177096164117812,"FGSG_00351,FGSG_03987,FGSG_13493"
control_vs_black_light,GO:0030702,GO:0030702,BP,2,14,364,6052,0.84,2.38,0.2043519945614088,0.3211245628822139,"FGSG_02800,FGSG_10174"
control_vs_black_light,GO:0009116,nucleoside metabolic process,BP,2,14,364,6052,0.84,2.38,0.2043519945614088,0.3211245628822139,"FGSG_11425,FGSG_13788"
control_vs_black_light,GO:0070588,calcium ion transmembrane transport,BP,2,16,364,6052,0.96,2.08,0.2497769615813397,0.3789719417096188,"FGSG_01606,FGSG_11939"
control_vs_black_light,GO:0000724,double-strand break repair via homologous recombination,BP,2,18,364,6052,1.08,1.85,0.2954591528340621,0.4333400908232911,"FGSG_01157,FGSG_08455"
control_vs_black_light,GO:0023014,GO:0023014,BP,2,19,364,6052,1.14,1.75,0.3181789041529762,0.4516087671848695,"FGSG_04446,FGSG_08608"
control_vs_black_light,GO:0006633,fatty acid biosynthetic process,BP,2,20,364,6052,1.2,1.66,0.3407218667923641,0.4542958223898188,"FGSG_02522,FGSG_10666"
control_vs_black_light,GO:0000160,phosphorelay signal transduction system,BP,2,20,364,6052,1.2,1.66,0.3407218667923641,0.4542958223898188,"FGSG_04446,FGSG_08608"
control_vs_black_light,GO:0090305,obsolete nucleic acid phosphodiester bond hydrolysis,BP,3,46,364,6052,2.77,1.08,0.5289669103676518,0.6845454134169611,"FGSG_03365,FGSG_03986,FGSG_08730"
control_vs_black_light,GO:0003333,amino acid transmembrane transport,BP,3,52,364,6052,3.13,0.96,0.6132973338768342,0.7520965267969943,"FGSG_04879,FGSG_06508,FGSG_13562"
control_vs_black_light,GO:0006629,lipid metabolic process,BP,2,34,364,6052,2.04,0.98,0.6153517037429954,0.7520965267969943,"FGSG_06090,FGSG_11429"
control_vs_black_light,GO:0000122,negative regulation of transcription by RNA polymerase II,BP,2,39,364,6052,2.35,0.85,0.6898492982052109,0.8203613275953859,"FGSG_04998,FGSG_10174"
control_vs_black_light,GO:0045944,positive regulation of transcription by RNA polymerase II,BP,2,49,364,6052,2.95,0.68,0.8032624410701923,0.9300933528181172,"FGSG_04998,FGSG_13123"
control_vs_black_light,GO:0006366,transcription by RNA polymerase II,BP,2,54,364,6052,3.25,0.62,0.8448554960895758,0.9531703032805472,"FGSG_04888,FGSG_13123"
control_vs_black_light,GO:0006355,regulation of DNA-templated transcription,BP,4,131,364,6052,7.88,0.51,0.9600656254862032,0.99994221786677,"FGSG_02939,FGSG_07834,FGSG_08608,FGSG_13507"
control_vs_black_light,GO:0016310,phosphorylation,BP,3,121,364,6052,7.28,0.41,0.9797265718718862,0.99994221786677,"FGSG_02476,FGSG_04455,FGSG_09450"
control_vs_black_light,GO:0006468,protein phosphorylation,BP,2,100,364,6052,6.01,0.33,0.9855829603859556,0.99994221786677,"FGSG_00433,FGSG_07742"
control_vs_black_light,GO:0006357,regulation of transcription by RNA polymerase II,BP,16,470,364,6052,28.27,0.57,0.9971252737893136,0.99994221786677,"FGSG_00217,FGSG_00946,FGSG_02874,FGSG_03218,FGSG_04459,FGSG_04974,FGSG_06700,FGSG_07921,FGSG_08080,FGSG_09111,FGSG_09123,FGSG_11356,FGSG_11561,FGSG_12572,FGSG_12631,FGSG_12632"
control_vs_black_light,GO:0006351,DNA-templated transcription,BP,5,294,364,6052,17.68,0.28,0.99994221786677,0.99994221786677,"FGSG_00217,FGSG_04974,FGSG_09111,FGSG_09123,FGSG_12631"
control_vs_black_light,GO:0016491,oxidoreductase activity,MF,47,358,402,6112,23.55,2.0,2.6502249907418694e-06,0.00021466822425,"FGSG_00065,FGSG_00145,FGSG_00150,FGSG_00237,FGSG_00578,FGSG_02034,FGSG_02267,FGSG_02328,FGSG_02432,FGSG_03262,FGSG_03430,FGSG_03579,FGSG_03655,FGSG_03775,FGSG_03824,FGSG_03831,FGSG_03851,FGSG_04064,FGSG_04214,FGSG_04248,FGSG_04510,FGSG_04663,FGSG_04793,FGSG_05159,FGSG_05678,FGSG_06619,FGSG_07556,FGSG_07683,FGSG_07758,FGSG_08062,FGSG_08125,FGSG_08425,FGSG_09059,FGSG_09145,FGSG_09522,FGSG_09627,FGSG_10666,FGSG_11211,FGSG_11232,FGSG_11420,FGSG_11517,FGSG_12206,FGSG_12647,FGSG_13347,FGSG_13433,FGSG_13561,FGSG_13737"
control_vs_black_light,GO:0022891,GO:0022891,MF,16,77,402,6112,5.06,3.16,3.0123552094846585e-05,0.0011169831795018,"FGSG_00015,FGSG_00572,FGSG_02064,FGSG_02358,FGSG_03369,FGSG_03830,FGSG_04676,FGSG_05042,FGSG_07582,FGSG_07587,FGSG_07631,FGSG_08014,FGSG_08799,FGSG_10570,FGSG_11339,FGSG_11480"
control_vs_black_light,GO:0020037,heme binding,MF,24,151,402,6112,9.93,2.42,4.136974738895841e-05,0.0011169831795018,"FGSG_00007,FGSG_00071,FGSG_01284,FGSG_01868,FGSG_02114,FGSG_02550,FGSG_02551,FGSG_02668,FGSG_02672,FGSG_02882,FGSG_03498,FGSG_03700,FGSG_03741,FGSG_04092,FGSG_05695,FGSG_06068,FGSG_06554,FGSG_08079,FGSG_08207,FGSG_09040,FGSG_10571,FGSG_10960,FGSG_12369,FGSG_13459"
control_vs_black_light,GO:0004252,serine-type endopeptidase activity,MF,10,42,402,6112,2.76,3.62,0.0002962658687752,0.0050925161699296,"FGSG_00806,FGSG_01825,FGSG_03072,FGSG_03443,FGSG_04375,FGSG_08101,FGSG_08102,FGSG_11472,FGSG_12142,FGSG_13441"
control_vs_black_light,GO:0004497,monooxygenase activity,MF,20,131,402,6112,8.62,2.32,0.0003143528499956,0.0050925161699296,"FGSG_00007,FGSG_00071,FGSG_01284,FGSG_01868,FGSG_02114,FGSG_02672,FGSG_02908,FGSG_03199,FGSG_03700,FGSG_03741,FGSG_03915,FGSG_04092,FGSG_04969,FGSG_06068,FGSG_08079,FGSG_08207,FGSG_09063,FGSG_10571,FGSG_11270,FGSG_13459"
control_vs_black_light,GO:0005506,iron ion binding,MF,21,145,402,6112,9.54,2.2,0.0004676744546933,0.0063136051383605,"FGSG_00007,FGSG_00071,FGSG_01284,FGSG_01868,FGSG_02114,FGSG_02522,FGSG_02668,FGSG_02672,FGSG_02908,FGSG_03498,FGSG_03700,FGSG_03741,FGSG_04092,FGSG_06068,FGSG_08079,FGSG_08207,FGSG_09820,FGSG_10571,FGSG_10666,FGSG_10960,FGSG_13459"
control_vs_black_light,GO:0016705,"oxidoreductase activity, acting on paired donors, with incorporation or reduction of molecular oxygen",MF,17,114,402,6112,7.5,2.27,0.0011463974028623,0.013265455661693,"FGSG_00007,FGSG_00071,FGSG_01284,FGSG_01868,FGSG_02114,FGSG_02668,FGSG_02672,FGSG_03498,FGSG_03700,FGSG_03741,FGSG_04092,FGSG_06068,FGSG_08079,FGSG_08207,FGSG_10571,FGSG_10960,FGSG_13459"
control_vs_black_light,GO:0004601,peroxidase activity,MF,5,14,402,6112,0.92,5.43,0.0014629620589789,0.0143952573650265,"FGSG_02550,FGSG_02551,FGSG_02668,FGSG_02882,FGSG_10960"
control_vs_black_light,GO:0003824,catalytic activity,MF,19,138,402,6112,9.08,2.09,0.0015994730405585,0.0143952573650265,"FGSG_01680,FGSG_01746,FGSG_02315,FGSG_02390,FGSG_03244,FGSG_03245,FGSG_03372,FGSG_03645,FGSG_03714,FGSG_03747,FGSG_03842,FGSG_06557,FGSG_08193,FGSG_08622,FGSG_08909,FGSG_09451,FGSG_11425,FGSG_11456,FGSG_13788"
control_vs_black_light,GO:0022857,transmembrane transporter activity,MF,4,10,402,6112,0.66,6.08,0.002815780847093,0.0228078248614537,"FGSG_03306,FGSG_05882,FGSG_07881,FGSG_09060"
control_vs_black_light,GO:0004411,"homogentisate 1,2-dioxygenase activity",MF,2,2,402,6112,0.13,15.2,0.0043159340165061,0.0317809686669998,"FGSG_02347,FGSG_08358"
control_vs_black_light,GO:0030170,pyridoxal phosphate binding,MF,11,69,402,6112,4.54,2.42,0.0049537083626915,0.0334375314481678,"FGSG_01285,FGSG_03147,FGSG_03391,FGSG_04829,FGSG_05546,FGSG_08083,FGSG_08205,FGSG_08909,FGSG_12518,FGSG_12519,FGSG_13507"
control_vs_black_light,GO:0050660,flavin adenine dinucleotide binding,MF,15,117,402,6112,7.7,1.95,0.0093145022577882,0.0580365140677578,"FGSG_01805,FGSG_02327,FGSG_03307,FGSG_03638,FGSG_03898,FGSG_06215,FGSG_07530,FGSG_07685,FGSG_08510,FGSG_10950,FGSG_10998,FGSG_11399,FGSG_11554,FGSG_12082,FGSG_13840"
control_vs_black_light,GO:0004096,catalase activity,MF,3,8,402,6112,0.53,5.7,0.0123300941444833,0.0668666032521285,"FGSG_05695,FGSG_06554,FGSG_12369"
control_vs_black_light,GO:0051787,misfolded protein binding,MF,2,3,402,6112,0.2,10.14,0.0123827043059497,0.0668666032521285,"FGSG_01015,FGSG_12745"
control_vs_black_light,GO:0050525,cutinase activity,MF,2,4,402,6112,0.26,7.6,0.0236905758681776,0.1128786261954345,"FGSG_02342,FGSG_03457"
control_vs_black_light,GO:0016702,"oxidoreductase activity, acting on single donors with incorporation of molecular oxygen, incorporation of two atoms of oxygen",MF,2,4,402,6112,0.26,7.6,0.0236905758681776,0.1128786261954345,"FGSG_03067,FGSG_09820"
control_vs_black_light,GO:0016614,"oxidoreductase activity, acting on CH-OH group of donors",MF,8,56,402,6112,3.68,2.17,0.0287729870840106,0.1241915410620006,"FGSG_01805,FGSG_03307,FGSG_03638,FGSG_03898,FGSG_10998,FGSG_11399,FGSG_12082,FGSG_13840"
control_vs_black_light,GO:0031177,phosphopantetheine binding,MF,5,27,402,6112,1.78,2.82,0.0291313491380001,0.1241915410620006,"FGSG_02315,FGSG_02324,FGSG_02325,FGSG_03736,FGSG_03747"
control_vs_black_light,GO:0016757,glycosyltransferase activity,MF,6,37,402,6112,2.43,2.47,0.0319181489066676,0.129268503072004,"FGSG_02681,FGSG_03118,FGSG_04233,FGSG_05680,FGSG_12321,FGSG_13169"
control_vs_black_light,GO:0004568,chitinase activity,MF,3,12,402,6112,0.79,3.8,0.0398050619158605,0.1413932509252848,"FGSG_03591,FGSG_11903,FGSG_11904"
control_vs_black_light,GO:0008171,O-methyltransferase activity,MF,3,12,402,6112,0.79,3.8,0.0398050619158605,0.1413932509252848,"FGSG_02326,FGSG_02615,FGSG_02843"
control_vs_black_light,GO:0071949,FAD binding,MF,6,39,402,6112,2.57,2.34,0.0401487008800191,0.1413932509252848,"FGSG_03199,FGSG_03775,FGSG_03824,FGSG_04969,FGSG_09063,FGSG_13561"
control_vs_black_light,GO:0004190,aspartic-type endopeptidase activity,MF,4,21,402,6112,1.38,2.9,0.0452240286088717,0.1465258526927444,"FGSG_03975,FGSG_07775,FGSG_08196,FGSG_12609"
control_vs_black_light,GO:0008483,transaminase activity,MF,4,21,402,6112,1.38,2.9,0.0452240286088717,0.1465258526927444,"FGSG_01766,FGSG_08205,FGSG_12519,FGSG_13507"
control_vs_black_light,GO:0016831,carboxy-lyase activity,MF,3,13,402,6112,0.86,3.51,0.049290853094326,0.1535599654092465,"FGSG_03391,FGSG_08083,FGSG_13946"
control_vs_black_light,GO:0016788,"hydrolase activity, acting on ester bonds",MF,3,14,402,6112,0.92,3.26,0.0597679376584765,0.1747110213088834,"FGSG_02324,FGSG_02325,FGSG_11236"
control_vs_black_light,GO:0016620,"oxidoreductase activity, acting on the aldehyde or oxo group of donors, NAD or NADP as acceptor",MF,4,23,402,6112,1.51,2.64,0.0603939332919597,0.1747110213088834,"FGSG_00138,FGSG_02392,FGSG_03073,FGSG_10673"
control_vs_black_light,GO:0004519,endonuclease activity,MF,3,15,402,6112,0.99,3.04,0.0711914189779708,0.1962780821534846,"FGSG_03365,FGSG_03986,FGSG_08730"
control_vs_black_light,GO:0045735,nutrient reservoir activity,MF,2,7,402,6112,0.46,4.34,0.072695585982772,0.1962780821534846,"FGSG_05084,FGSG_11269"
control_vs_black_light,GO:0005507,copper ion binding,MF,4,26,402,6112,1.71,2.34,0.0875341010135183,0.2287181349062899,"FGSG_02328,FGSG_03498,FGSG_05159,FGSG_10677"
control_vs_black_light,GO:0030976,thiamine pyrophosphate binding,MF,2,8,402,6112,0.53,3.8,0.092817416595535,0.234944085757448,"FGSG_06557,FGSG_13946"
control_vs_black_light,GO:0016787,hydrolase activity,MF,21,240,402,6112,15.79,1.33,0.1080842820323119,0.2652977831702202,"FGSG_01810,FGSG_02121,FGSG_03080,FGSG_03143,FGSG_03217,FGSG_03304,FGSG_03601,FGSG_03767,FGSG_03816,FGSG_04077,FGSG_04657,FGSG_05811,FGSG_06381,FGSG_06613,FGSG_07302,FGSG_07608,FGSG_09061,FGSG_09138,FGSG_11006,FGSG_11196,FGSG_11562"
control_vs_black_light,GO:0004622,phosphatidylcholine lysophospholipase A1 activity,MF,2,9,402,6112,0.59,3.38,0.1143068234135839,0.2704568292771253,"FGSG_02823,FGSG_02824"
control_vs_black_light,GO:0010181,FMN binding,MF,6,52,402,6112,3.42,1.75,0.1241517577712778,0.2704568292771253,"FGSG_00065,FGSG_00145,FGSG_03262,FGSG_08077,FGSG_09477,FGSG_09627"
control_vs_black_light,GO:0016616,"oxidoreductase activity, acting on the CH-OH group of donors, NAD or NADP as acceptor",MF,3,19,402,6112,1.25,2.4,0.1252514070423712,0.2704568292771253,"FGSG_10444,FGSG_10680,FGSG_13456"
control_vs_black_light,GO:0046873,metal ion transmembrane transporter activity,MF,3,19,402,6112,1.25,2.4,0.1252514070423712,0.2704568292771253,"FGSG_00351,FGSG_03987,FGSG_13493"
control_vs_black_light,GO:0016829,lyase activity,MF,5,41,402,6112,2.7,1.85,0.129183478599854,0.2704568292771253,"FGSG_01221,FGSG_02063,FGSG_04969,FGSG_05048,FGSG_06765"
control_vs_black_light,GO:0043531,ADP binding,MF,2,10,402,6112,0.66,3.04,0.1368979012390387,0.2704568292771253,"FGSG_06989,FGSG_12745"
control_vs_black_light,GO:0003995,acyl-CoA dehydrogenase activity,MF,2,10,402,6112,0.66,3.04,0.1368979012390387,0.2704568292771253,"FGSG_08510,FGSG_10950"
control_vs_black_light,GO:0004571,"mannosyl-oligosaccharide 1,2-alpha-mannosidase activity",MF,2,10,402,6112,0.66,3.04,0.1368979012390387,0.2704568292771253,"FGSG_03922,FGSG_04930"
control_vs_black_light,GO:0016747,"acyltransferase activity, transferring groups other than amino-acyl groups",MF,3,20,402,6112,1.32,2.28,0.1405529257929011,0.2710663568863092,"FGSG_00237,FGSG_02680,FGSG_03736"
control_vs_black_light,GO:0004527,exonuclease activity,MF,3,21,402,6112,1.38,2.17,0.1564410753235725,0.2946913279351018,"FGSG_03365,FGSG_03986,FGSG_08730"
control_vs_black_light,GO:0051536,iron-sulfur cluster binding,MF,2,12,402,6112,0.79,2.53,0.1844633773874594,0.3395803083723686,"FGSG_03026,FGSG_08425"
control_vs_black_light,GO:0042626,ATPase-coupled transmembrane transporter activity,MF,5,48,402,6112,3.16,1.58,0.2059286458303579,0.3706715624946443,"FGSG_02316,FGSG_03735,FGSG_03882,FGSG_10706,FGSG_12704"
control_vs_black_light,GO:0004499,"N,N-dimethylaniline monooxygenase activity",MF,3,26,402,6112,1.71,1.75,0.2424601761641791,0.4178568993467768,"FGSG_02327,FGSG_07685,FGSG_11554"
control_vs_black_light,GO:0046983,protein dimerization activity,MF,3,26,402,6112,1.71,1.75,0.2424601761641791,0.4178568993467768,"FGSG_00365,FGSG_02516,FGSG_04035"
control_vs_black_light,GO:0008168,methyltransferase activity,MF,10,121,402,6112,7.96,1.26,0.2723276933659662,0.4595529825550679,"FGSG_00735,FGSG_01744,FGSG_03189,FGSG_03821,FGSG_04092,FGSG_04160,FGSG_08624,FGSG_11864,FGSG_13459,FGSG_13976"
control_vs_black_light,GO:0000287,magnesium ion binding,MF,5,54,402,6112,3.55,1.41,0.2808722614770187,0.4642990444824186,"FGSG_06557,FGSG_11327,FGSG_11629,FGSG_13507,FGSG_13946"
control_vs_black_light,GO:0030246,carbohydrate binding,MF,3,29,402,6112,1.91,1.57,0.2971959294492425,0.4814574057077729,"FGSG_03828,FGSG_07921,FGSG_13423"
control_vs_black_light,GO:0016758,hexosyltransferase activity,MF,2,17,402,6112,1.12,1.79,0.3089974799110116,0.4907607033880772,"FGSG_04346,FGSG_11560"
control_vs_black_light,GO:0000155,phosphorelay sensor kinase activity,MF,2,18,402,6112,1.18,1.69,0.3337970141079796,0.5106128424561013,"FGSG_04446,FGSG_08608"
control_vs_black_light,GO:0016810,"hydrolase activity, acting on carbon-nitrogen (but not peptide) bonds",MF,3,31,402,6112,2.04,1.47,0.3341046993848564,0.5106128424561013,"FGSG_01993,FGSG_07205,FGSG_08114"
control_vs_black_light,GO:0051287,NAD binding,MF,4,45,402,6112,2.96,1.35,0.3432601479971242,0.5148902219956863,"FGSG_00138,FGSG_02203,FGSG_10680,FGSG_13456"
control_vs_black_light,GO:0000978,RNA polymerase II cis-regulatory region sequence-specific DNA binding,MF,2,19,402,6112,1.25,1.6,0.3583317914098156,0.5277250018944557,"FGSG_04888,FGSG_13123"
control_vs_black_light,GO:0005509,calcium ion binding,MF,4,47,402,6112,3.09,1.29,0.3738577418479775,0.5407585194586818,"FGSG_03922,FGSG_03986,FGSG_04930,FGSG_11939"
control_vs_black_light,GO:0001077,GO:0001077,MF,2,20,402,6112,1.32,1.52,0.3825294431450286,0.5410037045678939,"FGSG_04888,FGSG_13123"
control_vs_black_light,GO:0046872,metal ion binding,MF,23,325,402,6112,21.38,1.08,0.3873853687029364,0.5410037045678939,"FGSG_00426,FGSG_00576,FGSG_01298,FGSG_01342,FGSG_02206,FGSG_02550,FGSG_02551,FGSG_03881,FGSG_04510,FGSG_05695,FGSG_06001,FGSG_06554,FGSG_07753,FGSG_08985,FGSG_09522,FGSG_10967,FGSG_11032,FGSG_11420,FGSG_11517,FGSG_11961,FGSG_12369,FGSG_13123,FGSG_13157"
control_vs_black_light,GO:0016746,acyltransferase activity,MF,2,21,402,6112,1.38,1.45,0.4063282187051816,0.5503617501510968,"FGSG_03851,FGSG_11884"
control_vs_black_light,GO:0016874,ligase activity,MF,6,78,402,6112,5.13,1.17,0.4076753704822938,0.5503617501510968,"FGSG_01379,FGSG_03218,FGSG_08455,FGSG_08509,FGSG_12281,FGSG_13860"
control_vs_black_light,GO:0004553,"hydrolase activity, hydrolyzing O-glycosyl compounds",MF,6,82,402,6112,5.39,1.11,0.4553987987165199,0.6047098802629198,"FGSG_00807,FGSG_02001,FGSG_07921,FGSG_09289,FGSG_09366,FGSG_12461"
control_vs_black_light,GO:0016853,isomerase activity,MF,2,24,402,6112,1.58,1.27,0.4748510764987296,0.6203699547805984,"FGSG_01797,FGSG_02852"
control_vs_black_light,GO:0016740,transferase activity,MF,9,132,402,6112,8.68,1.04,0.5058623937330977,0.6503945062282684,"FGSG_01823,FGSG_02324,FGSG_02325,FGSG_02852,FGSG_03124,FGSG_03802,FGSG_08509,FGSG_10425,FGSG_11413"
control_vs_black_light,GO:0008080,N-acetyltransferase activity,MF,4,57,402,6112,3.75,1.07,0.521990602886159,0.660644356777795,"FGSG_04993,FGSG_08357,FGSG_09301,FGSG_09723"
control_vs_black_light,GO:0050661,NADP binding,MF,3,45,402,6112,2.96,1.01,0.5759352771418873,0.7177039607460441,"FGSG_02327,FGSG_07685,FGSG_11554"
control_vs_black_light,GO:0015171,amino acid transmembrane transporter activity,MF,3,52,402,6112,3.42,0.88,0.6745108417662076,0.8278087603494366,"FGSG_04879,FGSG_06508,FGSG_13562"
control_vs_black_light,GO:0003700,DNA-binding transcription factor activity,MF,3,54,402,6112,3.55,0.84,0.699368199898157,0.8455048386828465,"FGSG_00946,FGSG_02939,FGSG_07834"
control_vs_black_light,GO:0051213,dioxygenase activity,MF,2,39,402,6112,2.57,0.78,0.7372175709661217,0.8742268969135724,"FGSG_01255,FGSG_09040"
control_vs_black_light,GO:0043565,sequence-specific DNA binding,MF,3,58,402,6112,3.81,0.79,0.7447118010745246,0.8742268969135724,"FGSG_00946,FGSG_02939,FGSG_07834"
control_vs_black_light,GO:0004386,helicase activity,MF,2,48,402,6112,3.16,0.63,0.8339496064078432,0.9610921244868618,"FGSG_02800,FGSG_03719"
control_vs_black_light,GO:0016887,ATP hydrolysis activity,MF,2,49,402,6112,3.22,0.62,0.8424387757847801,0.9610921244868618,"FGSG_01015,FGSG_10174"
control_vs_black_light,GO:0000166,nucleotide binding,MF,5,114,402,6112,7.5,0.67,0.8786780555347756,0.9885128124766226,"FGSG_01159,FGSG_05031,FGSG_07753,FGSG_08365,FGSG_12376"
control_vs_black_light,GO:0003924,GTPase activity,MF,2,69,402,6112,4.54,0.44,0.947341760419307,0.9999996037132162,"FGSG_05660,FGSG_05908"
control_vs_black_light,GO:0003676,nucleic acid binding,MF,7,184,402,6112,12.1,0.58,0.9636168077508136,0.9999996037132162,"FGSG_01298,FGSG_02615,FGSG_08365,FGSG_11961,FGSG_12184,FGSG_12376,FGSG_12776"
control_vs_black_light,GO:0016301,kinase activity,MF,2,78,402,6112,5.13,0.39,0.9685592484472244,0.9999996037132162,"FGSG_04455,FGSG_09450"
control_vs_black_light,GO:0003723,RNA binding,MF,4,132,402,6112,8.68,0.46,0.9778995994241464,0.9999996037132162,"FGSG_01159,FGSG_04349,FGSG_05687,FGSG_11190"
control_vs_black_light,GO:0005525,GTP binding,MF,3,120,402,6112,7.89,0.38,0.9878371461355916,0.9999996037132162,"FGSG_05660,FGSG_05908,FGSG_12458"
control_vs_black_light,GO:0008270,zinc ion binding,MF,36,769,402,6112,50.58,0.71,0.9925644744895372,0.9999996037132162,"FGSG_00150,FGSG_00217,FGSG_00237,FGSG_00735,FGSG_01686,FGSG_02034,FGSG_02432,FGSG_02874,FGSG_03218,FGSG_04214,FGSG_04459,FGSG_04663,FGSG_04888,FGSG_04974,FGSG_05582,FGSG_06619,FGSG_06700,FGSG_07683,FGSG_07758,FGSG_07921,FGSG_08080,FGSG_08125,FGSG_08455,FGSG_09111,FGSG_09123,FGSG_09451,FGSG_10174,FGSG_10453,FGSG_11249,FGSG_11356,FGSG_11561,FGSG_12184,FGSG_12281,FGSG_12572,FGSG_12631,FGSG_12632"
control_vs_black_light,GO:0000981,"DNA-binding transcription factor activity, RNA polymerase II-specific",MF,15,428,402,6112,28.15,0.53,0.9985563375479378,0.9999996037132162,"FGSG_00217,FGSG_02874,FGSG_03218,FGSG_04459,FGSG_04974,FGSG_06700,FGSG_07921,FGSG_08080,FGSG_09111,FGSG_09123,FGSG_11356,FGSG_11561,FGSG_12572,FGSG_12631,FGSG_12632"
control_vs_black_light,GO:0005524,ATP binding,MF,24,624,402,6112,41.04,0.58,0.9992810662461472,0.9999996037132162,"FGSG_00433,FGSG_00469,FGSG_01015,FGSG_01157,FGSG_02316,FGSG_02476,FGSG_03735,FGSG_03882,FGSG_04934,FGSG_05687,FGSG_06098,FGSG_06149,FGSG_07742,FGSG_08985,FGSG_09045,FGSG_10174,FGSG_10706,FGSG_10943,FGSG_11234,FGSG_11822,FGSG_12184,FGSG_12704,FGSG_12745,FGSG_13507"
control_vs_black_light,GO:0003677,DNA binding,MF,8,437,402,6112,28.74,0.28,0.9999996037132162,0.9999996037132162,"FGSG_00217,FGSG_00365,FGSG_02516,FGSG_04974,FGSG_09111,FGSG_09123,FGSG_12631,FGSG_13507"
control_vs_black_light,GO:0016021,GO:0016021,CC,217,2428,289,5718,122.72,1.77,7.1004110107891015e-31,1.4910863122657113e-29,"FGSG_00015,FGSG_00136,FGSG_00267,FGSG_00268,FGSG_00351,FGSG_00572,FGSG_00588,FGSG_00619,FGSG_00734,FGSG_00860,FGSG_01003,FGSG_01149,FGSG_01284,FGSG_01342,FGSG_01379,FGSG_01580,FGSG_01599,FGSG_01606,FGSG_01631,FGSG_01799,FGSG_01806,FGSG_01823,FGSG_01868,FGSG_01981,FGSG_01994,FGSG_02019,FGSG_02064,FGSG_02114,FGSG_02116,FGSG_02281,FGSG_02316,FGSG_02329,FGSG_02358,FGSG_02423,FGSG_02522,FGSG_02614,FGSG_02672,FGSG_02680,FGSG_02681,FGSG_02823,FGSG_02824,FGSG_02949,FGSG_02981,FGSG_03020,FGSG_03033,FGSG_03064,FGSG_03065,FGSG_03066,FGSG_03074,FGSG_03080,FGSG_03091,FGSG_03118,FGSG_03120,FGSG_03124,FGSG_03161,FGSG_03199,FGSG_03245,FGSG_03265,FGSG_03270,FGSG_03306,FGSG_03369,FGSG_03409,FGSG_03443,FGSG_03498,FGSG_03500,FGSG_03504,FGSG_03588,FGSG_03643,FGSG_03735,FGSG_03749,FGSG_03830,FGSG_03831,FGSG_03851,FGSG_03882,FGSG_03987,FGSG_04001,FGSG_04058,FGSG_04092,FGSG_04188,FGSG_04233,FGSG_04378,FGSG_04383,FGSG_04431,FGSG_04438,FGSG_04475,FGSG_04492,FGSG_04548,FGSG_04658,FGSG_04662,FGSG_04676,FGSG_04696,FGSG_04825,FGSG_04879,FGSG_04930,FGSG_05042,FGSG_05044,FGSG_05159,FGSG_05238,FGSG_05292,FGSG_05324,FGSG_05333,FGSG_05348,FGSG_05440,FGSG_05679,FGSG_05680,FGSG_05692,FGSG_05701,FGSG_05754,FGSG_05793,FGSG_05839,FGSG_05882,FGSG_06068,FGSG_06081,FGSG_06086,FGSG_06090,FGSG_06118,FGSG_06145,FGSG_06215,FGSG_06336,FGSG_06441,FGSG_06468,FGSG_06508,FGSG_06541,FGSG_06600,FGSG_06658,FGSG_06741,FGSG_07205,FGSG_07208,FGSG_07216,FGSG_07537,FGSG_07567,FGSG_07582,FGSG_07587,FGSG_07608,FGSG_07631,FGSG_07663,FGSG_07672,FGSG_07685,FGSG_07744,FGSG_07881,FGSG_07917,FGSG_08014,FGSG_08079,FGSG_08084,FGSG_08207,FGSG_08356,FGSG_08404,FGSG_08440,FGSG_08579,FGSG_08695,FGSG_08730,FGSG_08799,FGSG_08855,FGSG_08968,FGSG_08985,FGSG_09033,FGSG_09044,FGSG_09060,FGSG_09063,FGSG_09123,FGSG_09210,FGSG_09443,FGSG_09563,FGSG_09595,FGSG_09977,FGSG_10022,FGSG_10052,FGSG_10303,FGSG_10425,FGSG_10529,FGSG_10570,FGSG_10571,FGSG_10666,FGSG_10706,FGSG_10802,FGSG_10917,FGSG_10973,FGSG_10997,FGSG_11080,FGSG_11224,FGSG_11232,FGSG_11306,FGSG_11339,FGSG_11480,FGSG_11554,FGSG_11577,FGSG_11822,FGSG_11888,FGSG_11912,FGSG_12078,FGSG_12166,FGSG_12184,FGSG_12232,FGSG_12321,FGSG_12458,FGSG_12490,FGSG_12505,FGSG_12632,FGSG_12651,FGSG_12704,FGSG_12981,FGSG_13012,FGSG_13025,FGSG_13094,FGSG_13106,FGSG_13107,FGSG_13347,FGSG_13350,FGSG_13377,FGSG_13421,FGSG_13459,FGSG_13493,FGSG_13536,FGSG_13562,FGSG_13761,FGSG_13946,FGSG_13993"
control_vs_black_light,GO:0005576,extracellular region,CC,7,43,289,5718,2.17,3.22,0.0052586465073687,0.055215788327372,"FGSG_02131,FGSG_02314,FGSG_02342,FGSG_03457,FGSG_03591,FGSG_07741,FGSG_11032"
control_vs_black_light,GO:0005874,microtubule,CC,2,21,289,5718,1.06,1.88,0.2873314481650375,0.9999999839376164,"FGSG_06149,FGSG_06581"
control_vs_black_light,GO:0000775,"chromosome, centromeric region",CC,2,22,289,5718,1.11,1.8,0.3063810007695204,0.9999999839376164,"FGSG_01157,FGSG_02800"
control_vs_black_light,GO:0000131,incipient cellular bud site,CC,2,33,289,5718,1.67,1.2,0.5027458640984717,0.9999999839376164,"FGSG_06149,FGSG_11890"
control_vs_black_light,GO:0005934,cellular bud tip,CC,2,34,289,5718,1.72,1.16,0.518832901014567,0.9999999839376164,"FGSG_06149,FGSG_11890"
control_vs_black_light,GO:0005886,plasma membrane,CC,4,78,289,5718,3.94,1.01,0.5612726224833531,0.9999999839376164,"FGSG_02489,FGSG_03882,FGSG_05839,FGSG_08579"
control_vs_black_light,GO:0005635,nuclear envelope,CC,2,38,289,5718,1.92,1.04,0.5796355308777755,0.9999999839376164,"FGSG_01157,FGSG_12745"
control_vs_black_light,GO:0016020,membrane,CC,4,88,289,5718,4.45,0.9,0.657160149941211,0.9999999839376164,"FGSG_03922,FGSG_03986,FGSG_11472,FGSG_12673"
control_vs_black_light,GO:0043332,mating projection tip,CC,2,46,289,5718,2.32,0.86,0.6838453931058132,0.9999999839376164,"FGSG_06149,FGSG_11890"
control_vs_black_light,GO:0005794,Golgi apparatus,CC,3,85,289,5718,4.3,0.7,0.8117101815848595,0.9999999839376164,"FGSG_00979,FGSG_02489,FGSG_09723"
control_vs_black_light,GO:0005622,intracellular anatomical structure,CC,3,90,289,5718,4.55,0.66,0.8411706087518713,0.9999999839376164,"FGSG_04446,FGSG_06511,FGSG_08608"
control_vs_black_light,GO:0044732,mitotic spindle pole body,CC,2,79,289,5718,3.99,0.5,0.9149760599247282,0.9999999839376164,"FGSG_02476,FGSG_10174"
control_vs_black_light,GO:0005789,endoplasmic reticulum membrane,CC,2,86,289,5718,4.35,0.46,0.93689111971246,0.9999999839376164,"FGSG_01606,FGSG_02522"
control_vs_black_light,GO:0000329,fungal-type vacuole membrane,CC,2,88,289,5718,4.45,0.45,0.9420971829042812,0.9999999839376164,"FGSG_01606,FGSG_09723"
control_vs_black_light,GO:0005783,endoplasmic reticulum,CC,4,150,289,5718,7.58,0.53,0.9503564304335306,0.9999999839376164,"FGSG_03851,FGSG_06215,FGSG_08730,FGSG_09723"
control_vs_black_light,GO:0005730,nucleolus,CC,2,163,289,5718,8.24,0.24,0.998130837998696,0.9999999839376164,"FGSG_05687,FGSG_12041"
control_vs_black_light,GO:0005737,cytoplasm,CC,7,328,289,5718,16.58,0.42,0.9981773196131696,0.9999999839376164,"FGSG_00945,FGSG_02852,FGSG_03767,FGSG_04829,FGSG_06581,FGSG_10303,FGSG_10967"
control_vs_black_light,GO:0005739,mitochondrion,CC,4,276,289,5718,13.95,0.29,0.9996883316884784,0.9999999839376164,"FGSG_04117,FGSG_04934,FGSG_08425,FGSG_13157"
control_vs_black_light,GO:0005829,cytosol,CC,18,848,289,5718,42.86,0.42,0.9999990117179792,0.9999999839376164,"FGSG_00365,FGSG_00469,FGSG_00735,FGSG_00979,FGSG_02476,FGSG_02489,FGSG_02800,FGSG_04117,FGSG_04126,FGSG_04998,FGSG_05546,FGSG_05687,FGSG_05738,FGSG_06633,FGSG_11629,FGSG_11822,FGSG_12041,FGSG_13123"
control_vs_black_light,GO:0005634,nucleus,CC,28,1229,289,5718,62.12,0.45,0.9999999839376164,0.9999999839376164,"FGSG_00217,FGSG_00735,FGSG_00946,FGSG_00979,FGSG_02874,FGSG_03218,FGSG_04126,FGSG_04459,FGSG_04888,FGSG_04974,FGSG_04998,FGSG_05546,FGSG_05738,FGSG_06633,FGSG_06700,FGSG_07921,FGSG_08080,FGSG_09111,FGSG_09123,FGSG_11356,FGSG_11561,FGSG_11629,FGSG_12572,FGSG_12606,FGSG_12631,FGSG_12632,FGSG_13123,FGSG_13507"
